N,save_power,average_intersection,save_power_*_average_intersection
1,0,1,0
4,0.25,0.5625,0.140625
9,0.444444444,0.308641975,0.137174211
16,0.5625,0.19140625,0.107666016
25,0.64,0.1296,0.082944
36,0.694444444,0.093364198,0.064836248
49,0.734693878,0.070387339,0.051713147
64,0.765625,0.054931641,0.042057037
81,0.790123457,0.044048163,0.034803487
100,0.81,0.0361,0.029241
